Period Type,User,Status,Start Time,1,2,3,4,5,6,7,8,9,10,11,12,13,14,15,16,17,18,19,20,> Count,On Hours,User Hours,Active Hours
Month,Student,Active,03/01/22,0.0,0.0,0.0,0.0,0.0,0.0,0.0,0.0,0.0,0.0,0.0,0.0,0.0,0.0,0.0,0.0,0.0,0.0,0.0,0.0,0.0,0.33,0.0,0.0
Month,Student,Active,02/01/22,0.0,0.0,0.0,0.0,0.0,0.0,0.0,0.0,0.0,0.0,0.0,0.0,0.0,0.0,0.0,0.0,0.0,0.0,0.0,0.0,0.0,0.0,0.0,0.0
Month,Student,Active,01/01/22,0.0,0.0,0.0,0.0,0.0,0.0,0.0,0.0,0.0,0.0,0.0,0.0,0.0,0.0,0.0,0.0,0.0,0.0,0.0,0.0,0.0,0.0,0.0,0.0
Month,Student,Active,12/01/21,0.0,0.0,0.0,0.0,0.0,0.0,0.0,0.0,0.0,0.0,0.0,0.0,0.0,0.0,0.0,0.0,0.0,0.0,0.0,0.0,0.0,0.0,0.0,0.0
Month,Student,Active,11/01/21,0.05,0.08,0.33,0.23,0.32,0.4,0.78,0.25,0.3,0.33,0.12,0.12,0.12,0.18,0.37,1.25,2.57,1.08,2.43,0.52,0.0,12.5,171.62,11.83
Month,Student,Active,10/01/21,1.48,1.78,0.88,0.73,0.9,0.48,0.9,0.85,1.25,1.13,1.57,2.23,1.78,3.47,4.58,4.37,2.68,3.77,3.88,1.58,0.0,69.83,526.95,40.32
Month,Student,Active,09/01/21,2.9,2.35,2.1,1.88,2.32,1.8,2.13,2.63,2.42,3.17,2.43,2.67,3.0,4.68,3.55,4.0,6.2,7.15,6.23,4.25,0.0,93.32,851.35,67.87
Month,Student,Active,08/01/21,10.53,1.9,2.37,2.4,1.95,1.78,1.23,0.97,1.6,4.03,2.5,4.18,3.22,2.87,2.37,2.2,2.72,4.73,4.9,5.05,0.0,88.23,678.42,63.5
Month,Student,Active,07/01/21,0.0,0.0,0.0,0.0,0.0,0.0,0.0,0.0,0.0,0.0,0.0,0.0,0.0,0.0,0.0,0.0,0.0,0.0,0.0,0.0,0.0,0.0,0.0,0.0
Month,Student,Active,06/01/21,0.0,0.0,0.0,0.0,0.0,0.0,0.0,0.0,0.0,0.0,0.0,0.0,0.0,0.0,0.0,0.0,0.0,0.0,0.0,0.0,0.0,0.3,0.0,0.0
Month,Student,All,03/01/22,0.0,0.0,0.0,0.0,0.0,0.0,0.0,0.0,0.0,0.0,0.0,0.0,0.0,0.0,0.0,0.0,0.0,0.0,0.0,0.0,0.0,0.33,0.0,0.0
Month,Student,All,02/01/22,0.0,0.0,0.0,0.0,0.0,0.0,0.0,0.0,0.0,0.0,0.0,0.0,0.0,0.0,0.0,0.0,0.0,0.0,0.0,0.0,0.0,0.0,0.0,0.0
Month,Student,All,01/01/22,0.0,0.0,0.0,0.0,0.0,0.0,0.0,0.0,0.0,0.0,0.0,0.0,0.0,0.0,0.0,0.0,0.0,0.0,0.0,0.0,0.0,0.0,0.0,0.0
Month,Student,All,12/01/21,0.0,0.0,0.0,0.0,0.0,0.0,0.0,0.0,0.0,0.0,0.0,0.0,0.0,0.0,0.0,0.0,0.0,0.0,0.0,0.0,0.0,0.0,0.0,0.0
Month,Student,All,11/01/21,0.05,0.07,0.23,0.23,0.17,0.28,0.88,0.22,0.17,0.18,0.27,0.22,0.1,0.25,0.07,0.32,0.42,2.67,3.55,1.52,0.0,12.5,184.87,11.85
Month,Student,All,10/01/21,2.1,1.43,0.97,0.57,1.13,0.27,0.55,0.68,0.93,0.65,0.9,0.85,1.28,2.57,1.87,5.47,2.38,7.23,5.28,4.23,0.0,69.83,585.57,41.35
Month,Student,All,09/01/21,4.05,2.1,1.78,1.63,1.88,1.83,1.0,2.02,2.45,1.47,2.0,1.92,2.72,6.05,3.63,4.13,4.17,5.65,9.48,9.73,0.0,93.32,933.43,69.7
Month,Student,All,08/01/21,10.33,1.6,1.88,2.58,1.05,2.27,0.55,0.87,1.13,2.0,2.05,3.52,3.1,4.17,1.9,2.1,1.9,3.0,5.4,12.73,0.0,88.23,758.4,64.13
Month,Student,All,07/01/21,0.0,0.0,0.0,0.0,0.0,0.0,0.0,0.0,0.0,0.0,0.0,0.0,0.0,0.0,0.0,0.0,0.0,0.0,0.0,0.0,0.0,0.0,0.0,0.0
Month,Student,All,06/01/21,0.0,0.0,0.0,0.0,0.0,0.0,0.0,0.0,0.0,0.0,0.0,0.0,0.0,0.0,0.0,0.0,0.0,0.0,0.0,0.0,0.0,0.3,0.0,0.0
Month,Teacher,Active,03/01/22,0.0,0.0,0.0,0.0,0.0,0.0,0.0,0.0,0.0,0.0,0.0,0.0,0.0,0.0,0.0,0.0,0.0,0.0,0.0,0.0,0.0,0.33,0.0,0.0
Month,Teacher,Active,02/01/22,0.0,0.0,0.0,0.0,0.0,0.0,0.0,0.0,0.0,0.0,0.0,0.0,0.0,0.0,0.0,0.0,0.0,0.0,0.0,0.0,0.0,0.0,0.0,0.0
Month,Teacher,Active,01/01/22,0.0,0.0,0.0,0.0,0.0,0.0,0.0,0.0,0.0,0.0,0.0,0.0,0.0,0.0,0.0,0.0,0.0,0.0,0.0,0.0,0.0,0.0,0.0,0.0
Month,Teacher,Active,12/01/21,0.0,0.0,0.0,0.0,0.0,0.0,0.0,0.0,0.0,0.0,0.0,0.0,0.0,0.0,0.0,0.0,0.0,0.0,0.0,0.0,0.0,0.0,0.0,0.0
Month,Teacher,Active,11/01/21,3.18,0.0,0.0,0.0,0.0,0.0,0.0,0.0,0.0,0.0,0.0,0.0,0.0,0.0,0.0,0.0,0.0,0.0,0.0,0.0,0.0,12.5,3.18,3.18
Month,Teacher,Active,10/01/21,19.23,3.48,1.12,0.53,0.43,0.23,0.0,0.0,0.0,0.0,0.0,0.0,0.0,0.0,0.0,0.0,0.0,0.0,0.0,0.0,0.0,69.83,35.25,25.03
Month,Teacher,Active,09/01/21,23.67,5.28,1.73,0.73,0.1,0.08,0.0,0.0,0.0,0.0,0.0,0.0,0.0,0.0,0.0,0.0,0.0,0.0,0.0,0.0,0.0,93.32,43.37,31.6
Month,Teacher,Active,08/01/21,22.45,5.97,3.92,1.65,0.02,0.03,0.0,0.03,0.03,0.03,0.03,0.07,0.05,0.08,0.1,0.07,0.05,0.17,0.05,0.82,0.0,88.23,80.6,35.62
Month,Teacher,Active,07/01/21,0.0,0.0,0.0,0.0,0.0,0.0,0.0,0.0,0.0,0.0,0.0,0.0,0.0,0.0,0.0,0.0,0.0,0.0,0.0,0.0,0.0,0.0,0.0,0.0
Month,Teacher,Active,06/01/21,0.0,0.0,0.0,0.0,0.0,0.0,0.0,0.0,0.0,0.0,0.0,0.0,0.0,0.0,0.0,0.0,0.0,0.0,0.0,0.0,0.0,0.3,0.0,0.0
Month,Teacher,All,03/01/22,0.0,0.0,0.0,0.0,0.0,0.0,0.0,0.0,0.0,0.0,0.0,0.0,0.0,0.0,0.0,0.0,0.0,0.0,0.0,0.0,0.0,0.33,0.0,0.0
Month,Teacher,All,02/01/22,0.0,0.0,0.0,0.0,0.0,0.0,0.0,0.0,0.0,0.0,0.0,0.0,0.0,0.0,0.0,0.0,0.0,0.0,0.0,0.0,0.0,0.0,0.0,0.0
Month,Teacher,All,01/01/22,0.0,0.0,0.0,0.0,0.0,0.0,0.0,0.0,0.0,0.0,0.0,0.0,0.0,0.0,0.0,0.0,0.0,0.0,0.0,0.0,0.0,0.0,0.0,0.0
Month,Teacher,All,12/01/21,0.0,0.0,0.0,0.0,0.0,0.0,0.0,0.0,0.0,0.0,0.0,0.0,0.0,0.0,0.0,0.0,0.0,0.0,0.0,0.0,0.0,0.0,0.0,0.0
Month,Teacher,All,11/01/21,3.18,0.0,0.0,0.0,0.0,0.0,0.0,0.0,0.0,0.0,0.0,0.0,0.0,0.0,0.0,0.0,0.0,0.0,0.0,0.0,0.0,12.5,3.18,3.18
Month,Teacher,All,10/01/21,19.23,3.48,1.12,0.53,0.43,0.23,0.0,0.0,0.0,0.0,0.0,0.0,0.0,0.0,0.0,0.0,0.0,0.0,0.0,0.0,0.0,69.83,35.25,25.03
Month,Teacher,All,09/01/21,23.67,5.28,1.73,0.73,0.1,0.08,0.0,0.0,0.0,0.0,0.0,0.0,0.0,0.0,0.0,0.0,0.0,0.0,0.0,0.0,0.0,93.32,43.37,31.6
Month,Teacher,All,08/01/21,22.45,5.97,3.92,1.65,0.02,0.03,0.0,0.03,0.03,0.03,0.03,0.07,0.05,0.08,0.1,0.07,0.05,0.17,0.05,0.82,0.0,88.23,80.6,35.62
Month,Teacher,All,07/01/21,0.0,0.0,0.0,0.0,0.0,0.0,0.0,0.0,0.0,0.0,0.0,0.0,0.0,0.0,0.0,0.0,0.0,0.0,0.0,0.0,0.0,0.0,0.0,0.0
Month,Teacher,All,06/01/21,0.0,0.0,0.0,0.0,0.0,0.0,0.0,0.0,0.0,0.0,0.0,0.0,0.0,0.0,0.0,0.0,0.0,0.0,0.0,0.0,0.0,0.3,0.0,0.0
Week,Student,Active,02/28/22,0.0,0.0,0.0,0.0,0.0,0.0,0.0,0.0,0.0,0.0,0.0,0.0,0.0,0.0,0.0,0.0,0.0,0.0,0.0,0.0,0.0,0.33,0.0,0.0
Week,Student,Active,02/21/22,0.0,0.0,0.0,0.0,0.0,0.0,0.0,0.0,0.0,0.0,0.0,0.0,0.0,0.0,0.0,0.0,0.0,0.0,0.0,0.0,0.0,0.0,0.0,0.0
Week,Student,Active,02/14/22,0.0,0.0,0.0,0.0,0.0,0.0,0.0,0.0,0.0,0.0,0.0,0.0,0.0,0.0,0.0,0.0,0.0,0.0,0.0,0.0,0.0,0.0,0.0,0.0
Week,Student,Active,02/07/22,0.0,0.0,0.0,0.0,0.0,0.0,0.0,0.0,0.0,0.0,0.0,0.0,0.0,0.0,0.0,0.0,0.0,0.0,0.0,0.0,0.0,0.0,0.0,0.0
Week,Student,Active,01/31/22,0.0,0.0,0.0,0.0,0.0,0.0,0.0,0.0,0.0,0.0,0.0,0.0,0.0,0.0,0.0,0.0,0.0,0.0,0.0,0.0,0.0,0.0,0.0,0.0
Week,Student,Active,01/24/22,0.0,0.0,0.0,0.0,0.0,0.0,0.0,0.0,0.0,0.0,0.0,0.0,0.0,0.0,0.0,0.0,0.0,0.0,0.0,0.0,0.0,0.0,0.0,0.0
Week,Student,Active,01/17/22,0.0,0.0,0.0,0.0,0.0,0.0,0.0,0.0,0.0,0.0,0.0,0.0,0.0,0.0,0.0,0.0,0.0,0.0,0.0,0.0,0.0,0.0,0.0,0.0
Week,Student,Active,01/10/22,0.0,0.0,0.0,0.0,0.0,0.0,0.0,0.0,0.0,0.0,0.0,0.0,0.0,0.0,0.0,0.0,0.0,0.0,0.0,0.0,0.0,0.0,0.0,0.0
Week,Student,Active,01/03/22,0.0,0.0,0.0,0.0,0.0,0.0,0.0,0.0,0.0,0.0,0.0,0.0,0.0,0.0,0.0,0.0,0.0,0.0,0.0,0.0,0.0,0.0,0.0,0.0
Week,Student,Active,12/27/21,0.0,0.0,0.0,0.0,0.0,0.0,0.0,0.0,0.0,0.0,0.0,0.0,0.0,0.0,0.0,0.0,0.0,0.0,0.0,0.0,0.0,0.0,0.0,0.0
Week,Student,Active,12/20/21,0.0,0.0,0.0,0.0,0.0,0.0,0.0,0.0,0.0,0.0,0.0,0.0,0.0,0.0,0.0,0.0,0.0,0.0,0.0,0.0,0.0,0.0,0.0,0.0
Week,Student,Active,12/13/21,0.0,0.0,0.0,0.0,0.0,0.0,0.0,0.0,0.0,0.0,0.0,0.0,0.0,0.0,0.0,0.0,0.0,0.0,0.0,0.0,0.0,0.0,0.0,0.0
Week,Student,Active,12/06/21,0.0,0.0,0.0,0.0,0.0,0.0,0.0,0.0,0.0,0.0,0.0,0.0,0.0,0.0,0.0,0.0,0.0,0.0,0.0,0.0,0.0,0.0,0.0,0.0
Week,Student,Active,11/29/21,0.0,0.0,0.0,0.0,0.0,0.0,0.0,0.0,0.0,0.0,0.0,0.0,0.0,0.0,0.0,0.0,0.0,0.0,0.0,0.0,0.0,0.0,0.0,0.0
Week,Student,Active,11/22/21,0.0,0.0,0.0,0.0,0.0,0.0,0.0,0.0,0.0,0.0,0.0,0.0,0.0,0.0,0.0,0.0,0.0,0.0,0.0,0.0,0.0,0.0,0.0,0.0
Week,Student,Active,11/15/21,0.0,0.0,0.0,0.0,0.0,0.0,0.0,0.0,0.0,0.0,0.0,0.0,0.0,0.0,0.0,0.0,0.0,0.0,0.0,0.0,0.0,0.0,0.0,0.0
Week,Student,Active,11/08/21,0.0,0.0,0.0,0.0,0.0,0.0,0.0,0.0,0.0,0.0,0.0,0.0,0.0,0.0,0.0,0.0,0.0,0.0,0.0,0.0,0.0,0.0,0.0,0.0
Week,Student,Active,11/01/21,0.05,0.08,0.33,0.23,0.32,0.4,0.78,0.25,0.3,0.33,0.12,0.12,0.12,0.18,0.37,1.25,2.57,1.08,2.43,0.52,0.0,12.5,171.62,11.83
Week,Student,Active,10/25/21,0.62,0.03,0.07,0.02,0.03,0.05,0.15,0.05,0.13,0.1,0.07,0.43,0.27,0.15,0.28,1.0,0.15,1.32,0.58,0.0,0.0,6.52,74.15,5.5
Week,Student,Active,10/18/21,0.18,0.15,0.35,0.17,0.55,0.03,0.15,0.17,0.03,0.1,0.17,0.05,0.15,0.12,0.2,1.73,0.03,0.18,0.57,0.0,0.0,5.93,60.22,5.08
Week,Student,Active,10/11/21,0.38,0.95,0.25,0.53,0.2,0.22,0.32,0.33,0.7,0.4,0.67,1.02,1.02,1.77,3.85,1.25,0.88,1.93,0.7,1.5,0.0,22.9,251.0,18.87
Week,Student,Active,10/04/21,0.15,0.4,0.15,0.02,0.12,0.17,0.28,0.28,0.37,0.5,0.55,0.62,0.25,1.13,0.08,0.33,1.62,0.33,2.03,0.08,0.0,31.32,128.53,9.47
Week,Student,Active,09/27/21,0.88,0.63,1.12,0.23,0.2,0.12,0.3,0.5,0.38,0.98,0.45,0.52,0.53,1.93,1.15,0.52,2.08,1.47,1.7,0.43,0.0,22.65,200.97,16.13
Week,Student,Active,09/20/21,1.58,0.82,0.48,0.67,0.35,0.57,0.32,0.43,0.77,0.6,0.37,0.43,0.33,0.73,0.62,0.87,1.45,1.37,0.67,0.0,0.0,20.43,139.93,13.42
Week,Student,Active,09/13/21,0.0,0.0,0.0,0.0,0.0,0.0,0.0,0.0,0.0,0.0,0.0,0.0,0.0,0.0,0.0,0.0,0.0,0.0,0.0,0.0,0.0,0.0,0.0,0.0
Week,Student,Active,09/06/21,0.35,0.83,0.37,0.77,1.45,0.83,1.03,1.27,0.77,0.77,0.43,0.68,1.07,0.6,0.43,0.78,1.1,1.65,1.1,1.13,0.0,26.62,196.6,17.42
Week,Student,Active,08/30/21,1.25,0.63,0.35,0.3,0.6,0.55,0.83,0.55,0.67,1.03,1.38,1.33,1.4,1.82,2.43,2.52,2.27,3.98,3.22,3.03,0.0,35.62,421.27,30.15
Week,Student,Active,08/23/21,0.88,0.63,0.55,0.35,0.32,0.37,0.48,0.55,0.73,2.47,1.15,2.5,2.68,2.15,1.07,0.82,1.0,1.27,1.53,0.92,0.0,26.33,272.0,22.42
Week,Student,Active,08/16/21,7.18,0.5,1.32,0.4,0.58,0.5,0.28,0.25,0.52,0.8,1.07,0.98,0.22,0.57,0.27,0.63,0.9,1.93,2.42,3.23,0.0,33.68,245.38,24.55
Week,Student,Active,08/09/21,0.48,0.1,0.05,0.03,0.07,0.05,0.07,0.02,0.15,0.52,0.0,0.02,0.02,0.0,0.0,0.05,0.03,0.18,0.2,0.47,0.0,5.4,26.93,2.5
Week,Student,Active,08/02/21,0.97,0.35,0.3,1.53,0.7,0.62,0.05,0.05,0.05,0.07,0.2,0.5,0.07,0.05,0.12,0.07,0.08,0.03,0.3,0.08,0.0,13.98,39.73,6.18
Week,Student,Active,07/26/21,0.0,0.0,0.0,0.0,0.0,0.0,0.0,0.0,0.0,0.0,0.0,0.0,0.0,0.0,0.0,0.0,0.0,0.0,0.0,0.0,0.0,0.0,0.0,0.0
Week,Student,Active,07/19/21,0.0,0.0,0.0,0.0,0.0,0.0,0.0,0.0,0.0,0.0,0.0,0.0,0.0,0.0,0.0,0.0,0.0,0.0,0.0,0.0,0.0,0.0,0.0,0.0
Week,Student,Active,07/12/21,0.0,0.0,0.0,0.0,0.0,0.0,0.0,0.0,0.0,0.0,0.0,0.0,0.0,0.0,0.0,0.0,0.0,0.0,0.0,0.0,0.0,0.0,0.0,0.0
Week,Student,Active,07/05/21,0.0,0.0,0.0,0.0,0.0,0.0,0.0,0.0,0.0,0.0,0.0,0.0,0.0,0.0,0.0,0.0,0.0,0.0,0.0,0.0,0.0,0.0,0.0,0.0
Week,Student,Active,06/28/21,0.0,0.0,0.0,0.0,0.0,0.0,0.0,0.0,0.0,0.0,0.0,0.0,0.0,0.0,0.0,0.0,0.0,0.0,0.0,0.0,0.0,0.0,0.0,0.0
Week,Student,Active,06/21/21,0.0,0.0,0.0,0.0,0.0,0.0,0.0,0.0,0.0,0.0,0.0,0.0,0.0,0.0,0.0,0.0,0.0,0.0,0.0,0.0,0.0,0.0,0.0,0.0
Week,Student,Active,06/19/21,0.0,0.0,0.0,0.0,0.0,0.0,0.0,0.0,0.0,0.0,0.0,0.0,0.0,0.0,0.0,0.0,0.0,0.0,0.0,0.0,0.0,0.3,0.0,0.0
Week,Student,All,02/28/22,0.0,0.0,0.0,0.0,0.0,0.0,0.0,0.0,0.0,0.0,0.0,0.0,0.0,0.0,0.0,0.0,0.0,0.0,0.0,0.0,0.0,0.33,0.0,0.0
Week,Student,All,02/21/22,0.0,0.0,0.0,0.0,0.0,0.0,0.0,0.0,0.0,0.0,0.0,0.0,0.0,0.0,0.0,0.0,0.0,0.0,0.0,0.0,0.0,0.0,0.0,0.0
Week,Student,All,02/14/22,0.0,0.0,0.0,0.0,0.0,0.0,0.0,0.0,0.0,0.0,0.0,0.0,0.0,0.0,0.0,0.0,0.0,0.0,0.0,0.0,0.0,0.0,0.0,0.0
Week,Student,All,02/07/22,0.0,0.0,0.0,0.0,0.0,0.0,0.0,0.0,0.0,0.0,0.0,0.0,0.0,0.0,0.0,0.0,0.0,0.0,0.0,0.0,0.0,0.0,0.0,0.0
Week,Student,All,01/31/22,0.0,0.0,0.0,0.0,0.0,0.0,0.0,0.0,0.0,0.0,0.0,0.0,0.0,0.0,0.0,0.0,0.0,0.0,0.0,0.0,0.0,0.0,0.0,0.0
Week,Student,All,01/24/22,0.0,0.0,0.0,0.0,0.0,0.0,0.0,0.0,0.0,0.0,0.0,0.0,0.0,0.0,0.0,0.0,0.0,0.0,0.0,0.0,0.0,0.0,0.0,0.0
Week,Student,All,01/17/22,0.0,0.0,0.0,0.0,0.0,0.0,0.0,0.0,0.0,0.0,0.0,0.0,0.0,0.0,0.0,0.0,0.0,0.0,0.0,0.0,0.0,0.0,0.0,0.0
Week,Student,All,01/10/22,0.0,0.0,0.0,0.0,0.0,0.0,0.0,0.0,0.0,0.0,0.0,0.0,0.0,0.0,0.0,0.0,0.0,0.0,0.0,0.0,0.0,0.0,0.0,0.0
Week,Student,All,01/03/22,0.0,0.0,0.0,0.0,0.0,0.0,0.0,0.0,0.0,0.0,0.0,0.0,0.0,0.0,0.0,0.0,0.0,0.0,0.0,0.0,0.0,0.0,0.0,0.0
Week,Student,All,12/27/21,0.0,0.0,0.0,0.0,0.0,0.0,0.0,0.0,0.0,0.0,0.0,0.0,0.0,0.0,0.0,0.0,0.0,0.0,0.0,0.0,0.0,0.0,0.0,0.0
Week,Student,All,12/20/21,0.0,0.0,0.0,0.0,0.0,0.0,0.0,0.0,0.0,0.0,0.0,0.0,0.0,0.0,0.0,0.0,0.0,0.0,0.0,0.0,0.0,0.0,0.0,0.0
Week,Student,All,12/13/21,0.0,0.0,0.0,0.0,0.0,0.0,0.0,0.0,0.0,0.0,0.0,0.0,0.0,0.0,0.0,0.0,0.0,0.0,0.0,0.0,0.0,0.0,0.0,0.0
Week,Student,All,12/06/21,0.0,0.0,0.0,0.0,0.0,0.0,0.0,0.0,0.0,0.0,0.0,0.0,0.0,0.0,0.0,0.0,0.0,0.0,0.0,0.0,0.0,0.0,0.0,0.0
Week,Student,All,11/29/21,0.0,0.0,0.0,0.0,0.0,0.0,0.0,0.0,0.0,0.0,0.0,0.0,0.0,0.0,0.0,0.0,0.0,0.0,0.0,0.0,0.0,0.0,0.0,0.0
Week,Student,All,11/22/21,0.0,0.0,0.0,0.0,0.0,0.0,0.0,0.0,0.0,0.0,0.0,0.0,0.0,0.0,0.0,0.0,0.0,0.0,0.0,0.0,0.0,0.0,0.0,0.0
Week,Student,All,11/15/21,0.0,0.0,0.0,0.0,0.0,0.0,0.0,0.0,0.0,0.0,0.0,0.0,0.0,0.0,0.0,0.0,0.0,0.0,0.0,0.0,0.0,0.0,0.0,0.0
Week,Student,All,11/08/21,0.0,0.0,0.0,0.0,0.0,0.0,0.0,0.0,0.0,0.0,0.0,0.0,0.0,0.0,0.0,0.0,0.0,0.0,0.0,0.0,0.0,0.0,0.0,0.0
Week,Student,All,11/01/21,0.05,0.07,0.23,0.23,0.17,0.28,0.88,0.22,0.17,0.18,0.27,0.22,0.1,0.25,0.07,0.32,0.42,2.67,3.55,1.52,0.0,12.5,184.87,11.85
Week,Student,All,10/25/21,0.63,0.03,0.05,0.02,0.02,0.02,0.08,0.02,0.08,0.03,0.07,0.08,0.32,0.08,0.05,0.33,0.35,2.47,0.73,0.07,0.0,6.52,81.62,5.53
Week,Student,All,10/18/21,0.18,0.1,0.38,0.15,0.58,0.02,0.13,0.18,0.07,0.07,0.2,0.03,0.1,0.13,0.2,0.42,0.1,1.48,0.58,0.0,0.0,5.93,63.73,5.12
Week,Student,All,10/11/21,0.72,0.9,0.25,0.27,0.33,0.17,0.25,0.27,0.65,0.43,0.45,0.52,0.65,1.03,1.23,4.23,1.08,1.12,2.75,2.02,0.0,22.9,272.47,19.32
Week,Student,All,10/04/21,0.57,0.35,0.18,0.05,0.02,0.07,0.07,0.15,0.12,0.12,0.15,0.22,0.22,1.32,0.33,0.37,0.73,2.0,0.78,2.15,0.0,31.32,149.1,9.95
Week,Student,All,09/27/21,0.77,0.4,1.05,0.25,0.52,0.12,0.23,0.2,0.25,0.15,0.83,0.32,0.58,1.67,0.63,1.43,0.57,1.4,4.28,0.68,0.0,22.65,222.18,16.33
Week,Student,All,09/20/21,2.2,0.83,0.35,0.58,0.28,0.53,0.1,0.25,0.4,0.3,0.45,0.32,0.55,0.83,1.32,1.07,1.52,1.53,0.9,0.0,0.0,20.43,156.03,14.32
Week,Student,All,09/13/21,0.0,0.0,0.0,0.0,0.0,0.0,0.0,0.0,0.0,0.0,0.0,0.0,0.0,0.0,0.0,0.0,0.0,0.0,0.0,0.0,0.0,0.0,0.0,0.0
Week,Student,All,09/06/21,0.88,0.7,0.33,0.75,1.13,0.68,0.5,1.35,1.23,0.78,0.25,0.57,0.83,0.9,0.62,0.57,0.7,1.02,2.02,2.35,0.0,26.62,216.1,18.17
Week,Student,All,08/30/21,1.25,0.47,0.22,0.27,0.23,0.63,0.37,0.43,0.77,0.63,0.68,0.85,0.9,2.78,1.33,1.75,2.08,2.18,4.2,8.23,0.0,35.62,463.7,30.27
Week,Student,All,08/23/21,0.8,0.55,0.33,0.35,0.17,0.5,0.12,0.22,0.32,0.48,0.7,2.2,1.95,3.73,1.22,0.93,0.88,0.78,1.77,4.53,0.0,26.33,316.62,22.53
Week,Student,All,08/16/21,7.08,0.43,1.25,0.47,0.25,0.75,0.15,0.33,0.4,0.45,1.05,0.65,0.87,0.2,0.27,0.52,0.27,1.8,1.75,5.77,0.0,33.68,262.33,24.7
Week,Student,All,08/09/21,0.48,0.1,0.03,0.05,0.05,0.05,0.07,0.0,0.12,0.58,0.0,0.02,0.03,0.02,0.0,0.03,0.08,0.07,0.32,0.55,0.0,5.4,29.92,2.65
Week,Student,All,08/02/21,0.92,0.27,0.2,1.58,0.48,0.83,0.03,0.17,0.12,0.08,0.12,0.52,0.1,0.08,0.2,0.05,0.08,0.03,0.08,0.35,0.0,13.98,43.6,6.3
Week,Student,All,07/26/21,0.0,0.0,0.0,0.0,0.0,0.0,0.0,0.0,0.0,0.0,0.0,0.0,0.0,0.0,0.0,0.0,0.0,0.0,0.0,0.0,0.0,0.0,0.0,0.0
Week,Student,All,07/19/21,0.0,0.0,0.0,0.0,0.0,0.0,0.0,0.0,0.0,0.0,0.0,0.0,0.0,0.0,0.0,0.0,0.0,0.0,0.0,0.0,0.0,0.0,0.0,0.0
Week,Student,All,07/12/21,0.0,0.0,0.0,0.0,0.0,0.0,0.0,0.0,0.0,0.0,0.0,0.0,0.0,0.0,0.0,0.0,0.0,0.0,0.0,0.0,0.0,0.0,0.0,0.0
Week,Student,All,07/05/21,0.0,0.0,0.0,0.0,0.0,0.0,0.0,0.0,0.0,0.0,0.0,0.0,0.0,0.0,0.0,0.0,0.0,0.0,0.0,0.0,0.0,0.0,0.0,0.0
Week,Student,All,06/28/21,0.0,0.0,0.0,0.0,0.0,0.0,0.0,0.0,0.0,0.0,0.0,0.0,0.0,0.0,0.0,0.0,0.0,0.0,0.0,0.0,0.0,0.0,0.0,0.0
Week,Student,All,06/21/21,0.0,0.0,0.0,0.0,0.0,0.0,0.0,0.0,0.0,0.0,0.0,0.0,0.0,0.0,0.0,0.0,0.0,0.0,0.0,0.0,0.0,0.0,0.0,0.0
Week,Student,All,06/19/21,0.0,0.0,0.0,0.0,0.0,0.0,0.0,0.0,0.0,0.0,0.0,0.0,0.0,0.0,0.0,0.0,0.0,0.0,0.0,0.0,0.0,0.3,0.0,0.0
Week,Teacher,Active,02/28/22,0.0,0.0,0.0,0.0,0.0,0.0,0.0,0.0,0.0,0.0,0.0,0.0,0.0,0.0,0.0,0.0,0.0,0.0,0.0,0.0,0.0,0.33,0.0,0.0
Week,Teacher,Active,02/21/22,0.0,0.0,0.0,0.0,0.0,0.0,0.0,0.0,0.0,0.0,0.0,0.0,0.0,0.0,0.0,0.0,0.0,0.0,0.0,0.0,0.0,0.0,0.0,0.0
Week,Teacher,Active,02/14/22,0.0,0.0,0.0,0.0,0.0,0.0,0.0,0.0,0.0,0.0,0.0,0.0,0.0,0.0,0.0,0.0,0.0,0.0,0.0,0.0,0.0,0.0,0.0,0.0
Week,Teacher,Active,02/07/22,0.0,0.0,0.0,0.0,0.0,0.0,0.0,0.0,0.0,0.0,0.0,0.0,0.0,0.0,0.0,0.0,0.0,0.0,0.0,0.0,0.0,0.0,0.0,0.0
Week,Teacher,Active,01/31/22,0.0,0.0,0.0,0.0,0.0,0.0,0.0,0.0,0.0,0.0,0.0,0.0,0.0,0.0,0.0,0.0,0.0,0.0,0.0,0.0,0.0,0.0,0.0,0.0
Week,Teacher,Active,01/24/22,0.0,0.0,0.0,0.0,0.0,0.0,0.0,0.0,0.0,0.0,0.0,0.0,0.0,0.0,0.0,0.0,0.0,0.0,0.0,0.0,0.0,0.0,0.0,0.0
Week,Teacher,Active,01/17/22,0.0,0.0,0.0,0.0,0.0,0.0,0.0,0.0,0.0,0.0,0.0,0.0,0.0,0.0,0.0,0.0,0.0,0.0,0.0,0.0,0.0,0.0,0.0,0.0
Week,Teacher,Active,01/10/22,0.0,0.0,0.0,0.0,0.0,0.0,0.0,0.0,0.0,0.0,0.0,0.0,0.0,0.0,0.0,0.0,0.0,0.0,0.0,0.0,0.0,0.0,0.0,0.0
Week,Teacher,Active,01/03/22,0.0,0.0,0.0,0.0,0.0,0.0,0.0,0.0,0.0,0.0,0.0,0.0,0.0,0.0,0.0,0.0,0.0,0.0,0.0,0.0,0.0,0.0,0.0,0.0
Week,Teacher,Active,12/27/21,0.0,0.0,0.0,0.0,0.0,0.0,0.0,0.0,0.0,0.0,0.0,0.0,0.0,0.0,0.0,0.0,0.0,0.0,0.0,0.0,0.0,0.0,0.0,0.0
Week,Teacher,Active,12/20/21,0.0,0.0,0.0,0.0,0.0,0.0,0.0,0.0,0.0,0.0,0.0,0.0,0.0,0.0,0.0,0.0,0.0,0.0,0.0,0.0,0.0,0.0,0.0,0.0
Week,Teacher,Active,12/13/21,0.0,0.0,0.0,0.0,0.0,0.0,0.0,0.0,0.0,0.0,0.0,0.0,0.0,0.0,0.0,0.0,0.0,0.0,0.0,0.0,0.0,0.0,0.0,0.0
Week,Teacher,Active,12/06/21,0.0,0.0,0.0,0.0,0.0,0.0,0.0,0.0,0.0,0.0,0.0,0.0,0.0,0.0,0.0,0.0,0.0,0.0,0.0,0.0,0.0,0.0,0.0,0.0
Week,Teacher,Active,11/29/21,0.0,0.0,0.0,0.0,0.0,0.0,0.0,0.0,0.0,0.0,0.0,0.0,0.0,0.0,0.0,0.0,0.0,0.0,0.0,0.0,0.0,0.0,0.0,0.0
Week,Teacher,Active,11/22/21,0.0,0.0,0.0,0.0,0.0,0.0,0.0,0.0,0.0,0.0,0.0,0.0,0.0,0.0,0.0,0.0,0.0,0.0,0.0,0.0,0.0,0.0,0.0,0.0
Week,Teacher,Active,11/15/21,0.0,0.0,0.0,0.0,0.0,0.0,0.0,0.0,0.0,0.0,0.0,0.0,0.0,0.0,0.0,0.0,0.0,0.0,0.0,0.0,0.0,0.0,0.0,0.0
Week,Teacher,Active,11/08/21,0.0,0.0,0.0,0.0,0.0,0.0,0.0,0.0,0.0,0.0,0.0,0.0,0.0,0.0,0.0,0.0,0.0,0.0,0.0,0.0,0.0,0.0,0.0,0.0
Week,Teacher,Active,11/01/21,3.18,0.0,0.0,0.0,0.0,0.0,0.0,0.0,0.0,0.0,0.0,0.0,0.0,0.0,0.0,0.0,0.0,0.0,0.0,0.0,0.0,12.5,3.18,3.18
Week,Teacher,Active,10/25/21,4.37,0.05,0.0,0.0,0.0,0.0,0.0,0.0,0.0,0.0,0.0,0.0,0.0,0.0,0.0,0.0,0.0,0.0,0.0,0.0,0.0,6.52,4.47,4.42
Week,Teacher,Active,10/18/21,4.0,0.0,0.0,0.0,0.0,0.0,0.0,0.0,0.0,0.0,0.0,0.0,0.0,0.0,0.0,0.0,0.0,0.0,0.0,0.0,0.0,5.93,4.0,4.0
Week,Teacher,Active,10/11/21,4.12,1.23,0.0,0.0,0.0,0.0,0.0,0.0,0.0,0.0,0.0,0.0,0.0,0.0,0.0,0.0,0.0,0.0,0.0,0.0,0.0,22.9,6.58,5.35
Week,Teacher,Active,10/04/21,5.83,1.37,1.05,0.53,0.43,0.23,0.0,0.0,0.0,0.0,0.0,0.0,0.0,0.0,0.0,0.0,0.0,0.0,0.0,0.0,0.0,31.32,17.42,9.45
Week,Teacher,Active,09/27/21,11.02,3.32,0.87,0.0,0.0,0.0,0.0,0.0,0.0,0.0,0.0,0.0,0.0,0.0,0.0,0.0,0.0,0.0,0.0,0.0,0.0,22.65,20.25,15.2
Week,Teacher,Active,09/20/21,7.87,2.8,0.93,0.73,0.1,0.08,0.0,0.0,0.0,0.0,0.0,0.0,0.0,0.0,0.0,0.0,0.0,0.0,0.0,0.0,0.0,20.43,20.2,12.52
Week,Teacher,Active,09/13/21,0.0,0.0,0.0,0.0,0.0,0.0,0.0,0.0,0.0,0.0,0.0,0.0,0.0,0.0,0.0,0.0,0.0,0.0,0.0,0.0,0.0,0.0,0.0,0.0
Week,Teacher,Active,09/06/21,4.08,0.0,0.0,0.0,0.0,0.0,0.0,0.0,0.0,0.0,0.0,0.0,0.0,0.0,0.0,0.0,0.0,0.0,0.0,0.0,0.0,26.62,4.08,4.08
Week,Teacher,Active,08/30/21,4.4,0.0,0.0,0.0,0.0,0.0,0.0,0.0,0.0,0.0,0.0,0.0,0.0,0.0,0.0,0.0,0.0,0.0,0.0,0.0,0.0,35.62,4.4,4.4
Week,Teacher,Active,08/23/21,10.92,1.4,0.77,0.1,0.0,0.0,0.0,0.0,0.0,0.0,0.0,0.0,0.0,0.0,0.0,0.0,0.0,0.0,0.0,0.0,0.0,26.33,16.42,13.18
Week,Teacher,Active,08/16/21,5.48,1.85,0.63,0.0,0.0,0.0,0.0,0.0,0.0,0.0,0.0,0.0,0.0,0.0,0.0,0.0,0.0,0.0,0.0,0.0,0.0,33.68,11.08,7.97
Week,Teacher,Active,08/09/21,0.1,0.2,0.5,0.22,0.0,0.0,0.0,0.0,0.0,0.0,0.0,0.0,0.0,0.0,0.0,0.0,0.0,0.0,0.0,0.0,0.0,5.4,2.87,1.02
Week,Teacher,Active,08/02/21,3.17,2.52,2.02,1.33,0.02,0.03,0.0,0.03,0.03,0.03,0.03,0.07,0.05,0.08,0.1,0.07,0.05,0.17,0.05,0.82,0.0,13.98,47.45,10.67
Week,Teacher,Active,07/26/21,0.0,0.0,0.0,0.0,0.0,0.0,0.0,0.0,0.0,0.0,0.0,0.0,0.0,0.0,0.0,0.0,0.0,0.0,0.0,0.0,0.0,0.0,0.0,0.0
Week,Teacher,Active,07/19/21,0.0,0.0,0.0,0.0,0.0,0.0,0.0,0.0,0.0,0.0,0.0,0.0,0.0,0.0,0.0,0.0,0.0,0.0,0.0,0.0,0.0,0.0,0.0,0.0
Week,Teacher,Active,07/12/21,0.0,0.0,0.0,0.0,0.0,0.0,0.0,0.0,0.0,0.0,0.0,0.0,0.0,0.0,0.0,0.0,0.0,0.0,0.0,0.0,0.0,0.0,0.0,0.0
Week,Teacher,Active,07/05/21,0.0,0.0,0.0,0.0,0.0,0.0,0.0,0.0,0.0,0.0,0.0,0.0,0.0,0.0,0.0,0.0,0.0,0.0,0.0,0.0,0.0,0.0,0.0,0.0
Week,Teacher,Active,06/28/21,0.0,0.0,0.0,0.0,0.0,0.0,0.0,0.0,0.0,0.0,0.0,0.0,0.0,0.0,0.0,0.0,0.0,0.0,0.0,0.0,0.0,0.0,0.0,0.0
Week,Teacher,Active,06/21/21,0.0,0.0,0.0,0.0,0.0,0.0,0.0,0.0,0.0,0.0,0.0,0.0,0.0,0.0,0.0,0.0,0.0,0.0,0.0,0.0,0.0,0.0,0.0,0.0
Week,Teacher,Active,06/19/21,0.0,0.0,0.0,0.0,0.0,0.0,0.0,0.0,0.0,0.0,0.0,0.0,0.0,0.0,0.0,0.0,0.0,0.0,0.0,0.0,0.0,0.3,0.0,0.0
Week,Teacher,All,02/28/22,0.0,0.0,0.0,0.0,0.0,0.0,0.0,0.0,0.0,0.0,0.0,0.0,0.0,0.0,0.0,0.0,0.0,0.0,0.0,0.0,0.0,0.33,0.0,0.0
Week,Teacher,All,02/21/22,0.0,0.0,0.0,0.0,0.0,0.0,0.0,0.0,0.0,0.0,0.0,0.0,0.0,0.0,0.0,0.0,0.0,0.0,0.0,0.0,0.0,0.0,0.0,0.0
Week,Teacher,All,02/14/22,0.0,0.0,0.0,0.0,0.0,0.0,0.0,0.0,0.0,0.0,0.0,0.0,0.0,0.0,0.0,0.0,0.0,0.0,0.0,0.0,0.0,0.0,0.0,0.0
Week,Teacher,All,02/07/22,0.0,0.0,0.0,0.0,0.0,0.0,0.0,0.0,0.0,0.0,0.0,0.0,0.0,0.0,0.0,0.0,0.0,0.0,0.0,0.0,0.0,0.0,0.0,0.0
Week,Teacher,All,01/31/22,0.0,0.0,0.0,0.0,0.0,0.0,0.0,0.0,0.0,0.0,0.0,0.0,0.0,0.0,0.0,0.0,0.0,0.0,0.0,0.0,0.0,0.0,0.0,0.0
Week,Teacher,All,01/24/22,0.0,0.0,0.0,0.0,0.0,0.0,0.0,0.0,0.0,0.0,0.0,0.0,0.0,0.0,0.0,0.0,0.0,0.0,0.0,0.0,0.0,0.0,0.0,0.0
Week,Teacher,All,01/17/22,0.0,0.0,0.0,0.0,0.0,0.0,0.0,0.0,0.0,0.0,0.0,0.0,0.0,0.0,0.0,0.0,0.0,0.0,0.0,0.0,0.0,0.0,0.0,0.0
Week,Teacher,All,01/10/22,0.0,0.0,0.0,0.0,0.0,0.0,0.0,0.0,0.0,0.0,0.0,0.0,0.0,0.0,0.0,0.0,0.0,0.0,0.0,0.0,0.0,0.0,0.0,0.0
Week,Teacher,All,01/03/22,0.0,0.0,0.0,0.0,0.0,0.0,0.0,0.0,0.0,0.0,0.0,0.0,0.0,0.0,0.0,0.0,0.0,0.0,0.0,0.0,0.0,0.0,0.0,0.0
Week,Teacher,All,12/27/21,0.0,0.0,0.0,0.0,0.0,0.0,0.0,0.0,0.0,0.0,0.0,0.0,0.0,0.0,0.0,0.0,0.0,0.0,0.0,0.0,0.0,0.0,0.0,0.0
Week,Teacher,All,12/20/21,0.0,0.0,0.0,0.0,0.0,0.0,0.0,0.0,0.0,0.0,0.0,0.0,0.0,0.0,0.0,0.0,0.0,0.0,0.0,0.0,0.0,0.0,0.0,0.0
Week,Teacher,All,12/13/21,0.0,0.0,0.0,0.0,0.0,0.0,0.0,0.0,0.0,0.0,0.0,0.0,0.0,0.0,0.0,0.0,0.0,0.0,0.0,0.0,0.0,0.0,0.0,0.0
Week,Teacher,All,12/06/21,0.0,0.0,0.0,0.0,0.0,0.0,0.0,0.0,0.0,0.0,0.0,0.0,0.0,0.0,0.0,0.0,0.0,0.0,0.0,0.0,0.0,0.0,0.0,0.0
Week,Teacher,All,11/29/21,0.0,0.0,0.0,0.0,0.0,0.0,0.0,0.0,0.0,0.0,0.0,0.0,0.0,0.0,0.0,0.0,0.0,0.0,0.0,0.0,0.0,0.0,0.0,0.0
Week,Teacher,All,11/22/21,0.0,0.0,0.0,0.0,0.0,0.0,0.0,0.0,0.0,0.0,0.0,0.0,0.0,0.0,0.0,0.0,0.0,0.0,0.0,0.0,0.0,0.0,0.0,0.0
Week,Teacher,All,11/15/21,0.0,0.0,0.0,0.0,0.0,0.0,0.0,0.0,0.0,0.0,0.0,0.0,0.0,0.0,0.0,0.0,0.0,0.0,0.0,0.0,0.0,0.0,0.0,0.0
Week,Teacher,All,11/08/21,0.0,0.0,0.0,0.0,0.0,0.0,0.0,0.0,0.0,0.0,0.0,0.0,0.0,0.0,0.0,0.0,0.0,0.0,0.0,0.0,0.0,0.0,0.0,0.0
Week,Teacher,All,11/01/21,3.18,0.0,0.0,0.0,0.0,0.0,0.0,0.0,0.0,0.0,0.0,0.0,0.0,0.0,0.0,0.0,0.0,0.0,0.0,0.0,0.0,12.5,3.18,3.18
Week,Teacher,All,10/25/21,4.37,0.05,0.0,0.0,0.0,0.0,0.0,0.0,0.0,0.0,0.0,0.0,0.0,0.0,0.0,0.0,0.0,0.0,0.0,0.0,0.0,6.52,4.47,4.42
Week,Teacher,All,10/18/21,4.0,0.0,0.0,0.0,0.0,0.0,0.0,0.0,0.0,0.0,0.0,0.0,0.0,0.0,0.0,0.0,0.0,0.0,0.0,0.0,0.0,5.93,4.0,4.0
Week,Teacher,All,10/11/21,4.12,1.23,0.0,0.0,0.0,0.0,0.0,0.0,0.0,0.0,0.0,0.0,0.0,0.0,0.0,0.0,0.0,0.0,0.0,0.0,0.0,22.9,6.58,5.35
Week,Teacher,All,10/04/21,5.83,1.37,1.05,0.53,0.43,0.23,0.0,0.0,0.0,0.0,0.0,0.0,0.0,0.0,0.0,0.0,0.0,0.0,0.0,0.0,0.0,31.32,17.42,9.45
Week,Teacher,All,09/27/21,11.02,3.32,0.87,0.0,0.0,0.0,0.0,0.0,0.0,0.0,0.0,0.0,0.0,0.0,0.0,0.0,0.0,0.0,0.0,0.0,0.0,22.65,20.25,15.2
Week,Teacher,All,09/20/21,7.87,2.8,0.93,0.73,0.1,0.08,0.0,0.0,0.0,0.0,0.0,0.0,0.0,0.0,0.0,0.0,0.0,0.0,0.0,0.0,0.0,20.43,20.2,12.52
Week,Teacher,All,09/13/21,0.0,0.0,0.0,0.0,0.0,0.0,0.0,0.0,0.0,0.0,0.0,0.0,0.0,0.0,0.0,0.0,0.0,0.0,0.0,0.0,0.0,0.0,0.0,0.0
Week,Teacher,All,09/06/21,4.08,0.0,0.0,0.0,0.0,0.0,0.0,0.0,0.0,0.0,0.0,0.0,0.0,0.0,0.0,0.0,0.0,0.0,0.0,0.0,0.0,26.62,4.08,4.08
Week,Teacher,All,08/30/21,4.4,0.0,0.0,0.0,0.0,0.0,0.0,0.0,0.0,0.0,0.0,0.0,0.0,0.0,0.0,0.0,0.0,0.0,0.0,0.0,0.0,35.62,4.4,4.4
Week,Teacher,All,08/23/21,10.92,1.4,0.77,0.1,0.0,0.0,0.0,0.0,0.0,0.0,0.0,0.0,0.0,0.0,0.0,0.0,0.0,0.0,0.0,0.0,0.0,26.33,16.42,13.18
Week,Teacher,All,08/16/21,5.48,1.85,0.63,0.0,0.0,0.0,0.0,0.0,0.0,0.0,0.0,0.0,0.0,0.0,0.0,0.0,0.0,0.0,0.0,0.0,0.0,33.68,11.08,7.97
Week,Teacher,All,08/09/21,0.1,0.2,0.5,0.22,0.0,0.0,0.0,0.0,0.0,0.0,0.0,0.0,0.0,0.0,0.0,0.0,0.0,0.0,0.0,0.0,0.0,5.4,2.87,1.02
Week,Teacher,All,08/02/21,3.17,2.52,2.02,1.33,0.02,0.03,0.0,0.03,0.03,0.03,0.03,0.07,0.05,0.08,0.1,0.07,0.05,0.17,0.05,0.82,0.0,13.98,47.45,10.67
Week,Teacher,All,07/26/21,0.0,0.0,0.0,0.0,0.0,0.0,0.0,0.0,0.0,0.0,0.0,0.0,0.0,0.0,0.0,0.0,0.0,0.0,0.0,0.0,0.0,0.0,0.0,0.0
Week,Teacher,All,07/19/21,0.0,0.0,0.0,0.0,0.0,0.0,0.0,0.0,0.0,0.0,0.0,0.0,0.0,0.0,0.0,0.0,0.0,0.0,0.0,0.0,0.0,0.0,0.0,0.0
Week,Teacher,All,07/12/21,0.0,0.0,0.0,0.0,0.0,0.0,0.0,0.0,0.0,0.0,0.0,0.0,0.0,0.0,0.0,0.0,0.0,0.0,0.0,0.0,0.0,0.0,0.0,0.0
Week,Teacher,All,07/05/21,0.0,0.0,0.0,0.0,0.0,0.0,0.0,0.0,0.0,0.0,0.0,0.0,0.0,0.0,0.0,0.0,0.0,0.0,0.0,0.0,0.0,0.0,0.0,0.0
Week,Teacher,All,06/28/21,0.0,0.0,0.0,0.0,0.0,0.0,0.0,0.0,0.0,0.0,0.0,0.0,0.0,0.0,0.0,0.0,0.0,0.0,0.0,0.0,0.0,0.0,0.0,0.0
Week,Teacher,All,06/21/21,0.0,0.0,0.0,0.0,0.0,0.0,0.0,0.0,0.0,0.0,0.0,0.0,0.0,0.0,0.0,0.0,0.0,0.0,0.0,0.0,0.0,0.0,0.0,0.0
Week,Teacher,All,06/19/21,0.0,0.0,0.0,0.0,0.0,0.0,0.0,0.0,0.0,0.0,0.0,0.0,0.0,0.0,0.0,0.0,0.0,0.0,0.0,0.0,0.0,0.3,0.0,0.0
